<?xml version="1.0"?>
<?xml-stylesheet type="text/xsl" href="configuration.xsl"?>
<configuration>
  <property>
    <name>hbase.hregion.max.filesize</name>
    <value>107374182400</value>
    <description>
    Maximum HStoreFile size. If any one of a column families' HStoreFiles has
    grown to exceed this value, the hosting HRegion is split in two.
    Now set to: 100G.
    </description>
  </property>
  <property>
    <name>hbase.hstore.compactionThreshold</name>
    <value>100</value>
    <description>If more than this number of HStoreFiles in any one HStore (one HStoreFile is written per flush of memstore) then a compaction is run to rewrite all HStoreFiles files as one.  Larger numbers put off compaction but when it runs, it takes longer to complete. </description>
  </property>

  <property>
    <name>hbase.hstore.blockingStoreFiles</name>
    <value>100</value>
    <description> If more than this number of StoreFiles in any one Store (one StoreFile is written per flush of MemStore) then updates are blocked for this HRegion until a compaction is completed, or until hbase.hstore.blockingWaitTime has been exceeded. </description>
  </property>

  <property>
    <name>hbase.hstore.blockingWaitTime</name>
    <value>90000</value>
    <description> The time an HRegion will block updates for after hitting the StoreFile limit defined by hbase.hstore.blockingStoreFiles. After this time has elapsed, the HRegion will stop blocking updates even if a compaction has not been completed.  Default: 90 seconds. </description>
  </property>

  <property>
    <name>hbase.hstore.compaction.max</name>
    <value>100</value>
    <description>Max number of HStoreFiles to compact per 'minor' compaction.</description>
  </property>

  <property>
    <name>hbase.hregion.majorcompaction</name>
    <value>0</value>
    <description>The time (in miliseconds) between 'major' compactions of all HStoreFiles in a region.  Default: 1 day. Set to 0 to disable automated major compactions. </description>
  </property>

  <property>
    <name>hbase.hstore.compaction.min</name>
    <value>10000</value>
    <description>it will causes "Not Enough Files To Compact" in compaction file selection phase</description>
  </property>

  <property>
    <name>hbase.hstore.compaction.max</name>
    <value>10001</value>
  </property>

